INSERT INTO isogj_account.city (id, name) VALUES (1, 'Minsk');
INSERT INTO isogj_account.city (id, name) VALUES (2, 'Brest');
INSERT INTO isogj_account.city (id, name) VALUES (3, 'Kobryn');
INSERT INTO isogj_account.city (id, name) VALUES (4, 'Bereza');
INSERT INTO isogj_account.city (id, name) VALUES (5, 'Grodno');
INSERT INTO isogj_account.city (id, name) VALUES (6, 'Orsha');
INSERT INTO isogj_account.company (id, date_of_creation, info, name, city_of_company) VALUES (1, '2014-11-14 16:30:18', 'Bsuir company', 'Bsuir', 1);
INSERT INTO isogj_account.company (id, date_of_creation, info, name, city_of_company) VALUES (2, '2016-01-14 17:13:40', 'EPAM company', 'EPAM', 1);
INSERT INTO isogj_account.company (id, date_of_creation, info, name, city_of_company) VALUES (3, '2014-05-21 17:14:12', 'ICO company', 'ICO', 1);
INSERT INTO isogj_account.company (id, date_of_creation, info, name, city_of_company) VALUES (4, '2015-06-17 17:14:58', 'ERQE company', 'ERQE', 2);
INSERT INTO isogj_account.company (id, date_of_creation, info, name, city_of_company) VALUES (5, '2013-06-15 17:19:41', 'EQER comapny', 'EQER', 3);
INSERT INTO isogj_account.company (id, date_of_creation, info, name, city_of_company) VALUES (6, '2013-06-17 17:20:36', 'WEE company', 'WEE', 4);
INSERT INTO isogj_account.company (id, date_of_creation, info, name, city_of_company) VALUES (7, '2014-08-14 17:22:33', 'QW company', 'QW', 5);
INSERT INTO isogj_account.company (id, date_of_creation, info, name, city_of_company) VALUES (8, '2014-02-19 17:22:38', 'ERE company', 'ERE', 6);
INSERT INTO isogj_account.type_of_education (id, name) VALUES (1, 'High education');
INSERT INTO isogj_account.type_of_education (id, name) VALUES (2, 'School education');
INSERT INTO isogj_account.type_of_education (id, name) VALUES (3, 'Middle education');
INSERT INTO isogj_account.type_of_link (id, name) VALUES (1, 'Img');
INSERT INTO isogj_account.type_of_link (id, name) VALUES (2, 'Email');
INSERT INTO isogj_account.type_of_link (id, name) VALUES (3, 'Social');
INSERT INTO isogj_account.type_of_link (id, name) VALUES (4, 'Git');
INSERT INTO isogj_account.type_of_link (id, name) VALUES (5, 'Else');
INSERT INTO isogj_account.type_of_skill (id, name) VALUES (1, 'Coding');
INSERT INTO isogj_account.type_of_skill (id, name) VALUES (2, 'Methoding');
INSERT INTO isogj_account.type_of_skill (id, name) VALUES (3, 'Frontend');
INSERT INTO isogj_account.type_of_skill (id, name) VALUES (4, 'DBA');
INSERT INTO isogj_account.type_of_task (id, name) VALUES (1, 'Modelling task');
INSERT INTO isogj_account.type_of_task (id, name) VALUES (2, 'Kod develop task');
INSERT INTO isogj_account.type_of_user (id, name) VALUES (1, 'User');
INSERT INTO isogj_account.type_of_user (id, name) VALUES (2, 'Company');
INSERT INTO isogj_account.type_of_user (id, name) VALUES (3, 'Admin');
INSERT INTO isogj_account.type_of_user (id, name) VALUES (4, 'Marker');
INSERT INTO isogj_account.type_of_vacancy (id, name) VALUES (1, 'Dba');
INSERT INTO isogj_account.type_of_vacancy (id, name) VALUES (2, 'Frontend');
INSERT INTO isogj_account.type_of_vacancy (id, name) VALUES (3, 'Beck');
INSERT INTO isogj_account.type_of_vacancy (id, name) VALUES (4, 'Gui');
INSERT INTO isogj_account.university (id, name, city) VALUES (1, 'BSUIR', 1);
INSERT INTO isogj_account.university (id, name, city) VALUES (2, 'RDAE', 2);
INSERT INTO isogj_account.university (id, name, city) VALUES (3, 'DFEA', 3);
INSERT INTO isogj_account.university (id, name, city) VALUES (4, 'DFEF', 4);
INSERT INTO isogj_account.university (id, name, city) VALUES (5, 'DADA', 5);
INSERT INTO isogj_account.university (id, name, city) VALUES (6, 'DSED', 6);
INSERT INTO isogj_account.faculty (id, name, university) VALUES (1, 'FKSIS', 1);
INSERT INTO isogj_account.faculty (id, name, university) VALUES (2, 'PROD', 2);
INSERT INTO isogj_account.department (id, name, faculty) VALUES (1, 'POIT', 1);
INSERT INTO isogj_account.department (id, name, faculty) VALUES (2, 'IEF', 1);
INSERT INTO isogj_account.department (id, name, faculty) VALUES (3, 'FRE', 1);
INSERT INTO isogj_account.school (id, name, city) VALUES (1, 'Number 6', 1);
INSERT INTO isogj_account.school (id, name, city) VALUES (2, 'Number 5', 2);
INSERT INTO isogj_account.gender (id, name) VALUES (1, 'Male');
INSERT INTO isogj_account.gender (id, name) VALUES (2, 'Female');
INSERT INTO isogj_account.user (id, active, email, first_name, last_name, middle_name, username, city_of_living, gender, type_of_user, uid, birthday) VALUES (1, true, 'Vad@bsuir.by', 'Vadim', 'Vidnichuk', 'Mikalaevich', 'DrGrave', 1, 1, 3, 1, '2013-01-17 17:25:52');
INSERT INTO isogj_account.user (id, active, email, first_name, last_name, middle_name, username, city_of_living, gender, type_of_user, uid, birthday) VALUES (2, true, 'User@Bsuir.by', 'User', 'Userchuk', 'Userovich', 'ntrln', 1, 1, 1, 2, '2013-01-17 17:25:52');
INSERT INTO isogj_account.user (id, active, email, first_name, last_name, middle_name, username, city_of_living, gender, type_of_user, uid, birthday) VALUES (3, true, 'Company', 'Company', 'Company', 'Company', 'Epam Systems', 1, 1, 2, 3, '2013-01-17 17:25:52');
INSERT INTO isogj_account.education (id, end_of_education, start_of_education, department, school, type_of_education, user) VALUES (1, '2017-01-14 17:26:03', '2013-01-17 17:25:52', 1, null, 1, 1);
INSERT INTO isogj_account.education (id, end_of_education, start_of_education, department, school, type_of_education, user) VALUES (2, '2017-01-14 17:26:05', '2013-01-14 17:25:57', 2, null, 1, 2);
INSERT INTO isogj_account.education (id, end_of_education, start_of_education, department, school, type_of_education, user) VALUES (3, '2017-01-14 17:26:07', '2013-01-14 17:26:00', 3, null, 1, 3);
INSERT INTO isogj_account.experience (id, date_of_end, date_of_start, prev_company, user) VALUES (1, '2015-11-14 16:39:36', '2017-11-14 16:39:38', 1, 1);
INSERT INTO isogj_account.experience (id, date_of_end, date_of_start, prev_company, user) VALUES (2, '2017-01-14 17:27:46', '2015-01-14 17:27:39', 2, 2);
INSERT INTO isogj_account.experience (id, date_of_end, date_of_start, prev_company, user) VALUES (3, '2017-01-14 17:27:48', '2014-01-14 17:27:42', 3, 3);
INSERT INTO isogj_account.position (id, name) VALUES (1, 'DB architector');
INSERT INTO isogj_account.position (id, name) VALUES (2, 'Beck developer');
INSERT INTO isogj_account.position (id, name) VALUES (3, 'Front developer');
INSERT INTO isogj_account.position (id, name) VALUES (4, 'Sum position');
INSERT INTO isogj_account.possible_cities_to_work (id_user, id_city) VALUES (1, 1);
INSERT INTO isogj_account.possible_cities_to_work (id_user, id_city) VALUES (2, 2);
INSERT INTO isogj_account.possible_cities_to_work (id_user, id_city) VALUES (3, 3);
INSERT INTO isogj_account.skill (id, name, type_of_skill) VALUES (1, 'Model', 2);
INSERT INTO isogj_account.skill (id, name, type_of_skill) VALUES (2, 'Java', 1);
INSERT INTO isogj_account.skill (id, name, type_of_skill) VALUES (3, 'Java EE', 1);
INSERT INTO isogj_account.skill (id, name, type_of_skill) VALUES (4, 'Spring security', 1);
INSERT INTO isogj_account.skill (id, name, type_of_skill) VALUES (5, 'Front', 3);
INSERT INTO isogj_account.skill (id, name, type_of_skill) VALUES (6, 'Spring boot', 1);
INSERT INTO isogj_account.skill (id, name, type_of_skill) VALUES (7, 'JWT', 1);
INSERT INTO isogj_account.skill (id, name, type_of_skill) VALUES (8, 'System engineering', 1);
INSERT INTO isogj_account.skill (id, name, type_of_skill) VALUES (9, 'Hibernate', 1);
INSERT INTO isogj_account.skill (id, name, type_of_skill) VALUES (10, 'Angular5', 3);
INSERT INTO isogj_account.skill (id, name, type_of_skill) VALUES (11, 'MySql', 4);
INSERT INTO isogj_account.summary (id, text, user) VALUES (1, 'Good user summary', 1);
INSERT INTO isogj_account.summary (id, text, user) VALUES (2, 'Bad user summary', 2);
INSERT INTO isogj_account.summary (id, text, user) VALUES (3, 'Normal user summart', 3);
INSERT INTO isogj_account.task (id, info, name, type_of_task) VALUES (1, 'Do frontend', 'Front', 2);
INSERT INTO isogj_account.task (id, info, name, type_of_task) VALUES (2, 'Do beck', 'BE', 2);
INSERT INTO isogj_account.task (id, info, name, type_of_task) VALUES (3, 'Create mysql db', 'MySql', 1);
INSERT INTO isogj_account.user_company (id_user_company, company, position, user, change_approve, company_approve) VALUES (1, 1, 1, 1, 1, 1);
INSERT INTO isogj_account.user_company (id_user_company, company, position, user, change_approve, company_approve) VALUES (2, 2, 1, 2, 1, 1);
INSERT INTO isogj_account.user_link (id, link, type_of_link, user) VALUES (1, 'http://img12.nnm.me/9/3/d/6/2/8fecfc7bd57c0ecb7583e4125bf.jpg', 1, 1);
INSERT INTO isogj_account.user_link (id, link, type_of_link, user) VALUES (2, 'https://i.ytimg.com/vi/-qj4O2aHQqc/maxresdefault.jpg', 1, 2);
INSERT INTO isogj_account.user_link (id, link, type_of_link, user) VALUES (3, 'http://img11.nnm.me/0/e/f/6/5/8c8c6600b355289e18311c8f273.jpg', 1, 3);
INSERT INTO isogj_account.user_link (id, link, type_of_link, user) VALUES (4, 'VadimXPZL@gmail.com', 2, 1);
INSERT INTO isogj_account.user_link (id, link, type_of_link, user) VALUES (5, 'https://vk.com/dr_grave', 3, 1);
INSERT INTO isogj_account.user_link (id, link, type_of_link, user) VALUES (6, 'https://vk.com/dr_grave', 4, 1);
INSERT INTO isogj_account.user_skill (id, end_skilling, skill_mark, skill_practical_mark, start_skilling, id_marker, id_skill, id_user) VALUES (1, '2017-11-14 16:39:38', '6', '7', '2015-11-14 16:39:36', 2, 1, 1);
INSERT INTO isogj_account.user_skill (id, end_skilling, skill_mark, skill_practical_mark, start_skilling, id_marker, id_skill, id_user) VALUES (2, '2017-12-19 21:52:30', '7', '8', '2017-12-19 21:52:27', 2, 2, 1);
INSERT INTO isogj_account.user_skill (id, end_skilling, skill_mark, skill_practical_mark, start_skilling, id_marker, id_skill, id_user) VALUES (3, '2017-12-19 22:36:03', '6', '8', '2016-12-19 22:36:05', 2, 3, 1);
INSERT INTO isogj_account.user_skill (id, end_skilling, skill_mark, skill_practical_mark, start_skilling, id_marker, id_skill, id_user) VALUES (4, '2017-11-19 22:37:10', '7', '7', '2017-07-19 22:37:06', 2, 4, 1);
INSERT INTO isogj_account.user_skill (id, end_skilling, skill_mark, skill_practical_mark, start_skilling, id_marker, id_skill, id_user) VALUES (5, '2017-12-19 22:37:35', '6', '8', '2017-12-19 22:37:33', 1, 5, 2);
INSERT INTO isogj_account.user_skill (id, end_skilling, skill_mark, skill_practical_mark, start_skilling, id_marker, id_skill, id_user) VALUES (6, '2017-12-19 21:52:30', '7', '8', '2017-12-19 21:52:27', 2, 6, 1);
INSERT INTO isogj_account.user_skill (id, end_skilling, skill_mark, skill_practical_mark, start_skilling, id_marker, id_skill, id_user) VALUES (7, '2017-12-19 21:52:30', '7', '8', '2017-12-19 21:52:27', 1, 7, 2);
INSERT INTO isogj_account.user_skill (id, end_skilling, skill_mark, skill_practical_mark, start_skilling, id_marker, id_skill, id_user) VALUES (8, '2017-12-19 21:52:30', '7', '8', '2017-12-19 21:52:27', 2, 8, 3);
INSERT INTO isogj_account.user_skill (id, end_skilling, skill_mark, skill_practical_mark, start_skilling, id_marker, id_skill, id_user) VALUES (9, '2017-12-19 21:52:30', '7', '8', '2017-12-19 21:52:27', 2, 9, 3);
INSERT INTO isogj_account.user_skill (id, end_skilling, skill_mark, skill_practical_mark, start_skilling, id_marker, id_skill, id_user) VALUES (10, '2017-12-19 21:52:30', '7', '8', '2017-12-19 21:52:27', 2, 10, 3);
INSERT INTO isogj_account.user_skill (id, end_skilling, skill_mark, skill_practical_mark, start_skilling, id_marker, id_skill, id_user) VALUES (11, '2017-12-19 21:52:30', '7', '8', '2017-12-19 21:52:27', 2, 1, 3);
INSERT INTO isogj_account.vacancy (id, info, company, type_of_vacancy) VALUES (1, 'Do work', 1, 1);
INSERT INTO isogj_account.vacancy (id, info, company, type_of_vacancy) VALUES (2, 'Do', 2, 2);
INSERT INTO isogj_account.vacancy (id, info, company, type_of_vacancy) VALUES (3, 'Do Work', 3, 3);
INSERT INTO isogj_account.vacancy_skill (id, expected_mark, skill, vacancy) VALUES (1, '6', 1, 1);
INSERT INTO isogj_account.vacancy_skill (id, expected_mark, skill, vacancy) VALUES (2, '7', 2, 1);
INSERT INTO isogj_account.vacancy_skill (id, expected_mark, skill, vacancy) VALUES (3, '7', 3, 1);
INSERT INTO isogj_account.vacancy_skill (id, expected_mark, skill, vacancy) VALUES (4, '7', 4, 1);
INSERT INTO isogj_account.vacancy_skill (id, expected_mark, skill, vacancy) VALUES (5, '8', 5, 1);
INSERT INTO isogj_account.vacancy_skill (id, expected_mark, skill, vacancy) VALUES (13, '4', 1, 2);
INSERT INTO isogj_account.vacancy_skill (id, expected_mark, skill, vacancy) VALUES (14, '5', 3, 2);
INSERT INTO isogj_account.vacancy_skill (id, expected_mark, skill, vacancy) VALUES (15, '6', 2, 2);
INSERT INTO isogj_account.vacancy_skill (id, expected_mark, skill, vacancy) VALUES (16, '3', 5, 2);
INSERT INTO isogj_account.vacancy_skill (id, expected_mark, skill, vacancy) VALUES (17, '5', 4, 2);
INSERT INTO isogj_account.vacancy_user (id, if_accepted_user, if_company_accepted, user, vacancy) VALUES (1, false, false, 1, 1);